"target#aspect";"ratio";"RelatFreq";"OverallFreq";"lemmas";"postags";"FreqWords"
"skype#Internet";"1";"2";"2";"Skype";"R";"skype#2"
"sauna#Facilities";"1";"2";"2";"sauna";"N";"sauna#2"
"dogs#Facilities";"1";"2";"2";"dog";"N";"dogs#2"
"lift#Facilities";"1";"2";"2";"lift";"N";"lift#2"
"doors#Interior/exterior";"1";"2";"2";"door";"V";"doors#2"
"brandy#Restaurant";"1";"1";"1";"brandy";"N";"brandy#1"
"toilets#Bathroom";"1";"1";"1";"toilet";"N";"toilets#1"
"pubs#Location";"1";"1";"1";"pub";"N";"pubs#1"
"conncetion#Internet";"1";"1";"1";"conncetion";"N";"conncetion#1"
"heaters#Facilities";"1";"1";"1";"heater";"N";"heaters#1"
"fitnes#Facilities";"1";"1";"1";"fitnes";"N";"fitnes#1"
"acommodation#unknown";"1";"1";"1";"acommodation";"N";"acommodation#1"
"toaster#Facilities";"1";"1";"1";"toaster";"N";"toaster#1"
"mice#unknown";"1";"1";"1";"mouse";"N";"mice#1"
"appartement#unknown";"1";"1";"1";"appartement";"N";"appartement#1"
"тhis#unknown";"1";"1";"1";"тhis";"D";"тhis#1"
"elegance#unknown";"1";"1";"1";"elegance";"N";"elegance#1"
"cleaness#Cleanliness";"1";"1";"1";"cleaness";"N";"cleaness#1"
"phones#unknown";"1";"1";"1";"phone";"N";"phones#1"
"sentido#unknown";"1";"1";"1";"Sentido";"R";"sentido#1"
"foyer#Interior/exterior";"1";"1";"1";"foyer";"N";"foyer#1"
"products#Restaurant";"1";"1";"1";"product";"N";"products#1"
"decoration#Interior/exterior";"1";"1";"1";"decoration";"N";"decoration#1"
"vodka#Restaurant";"1";"1";"1";"Vodka";"R";"vodka#1"
"robe#Facilities";"1";"1";"1";"robe";"N";"robe#1"
"microwave#Facilities";"1";"1";"1";"microwave";"N";"microwave#1"
"cocktails#Facilities";"1";"1";"1";"cocktail";"N";"cocktails#1"
"ever.staff#Staff";"1";"1";"1";"ever.staff";"N";"ever.staff#1"
"colors#Rooms";"1";"1";"1";"color";"N";"colors#1"
"matress#Beds";"1";"1";"1";"Matress";"R";"matress#1"
"firdge#Facilities";"1";"1";"1";"firdge";"N";"firdge#1"
"winows#Rooms";"1";"1";"1";"winows";"N";"winows#1"
"room.staff#Staff";"1";"1";"1";"room.staff";"N";"room.staff#1"
"pub#Facilities";"1";"1";"1";"pub";"N";"pub#1"
"stares#unknown";"1";"1";"1";"stare";"N";"stares#1"
"grounds#Interior/exterior";"1";"1";"1";"ground";"N";"grounds#1"
"upgrades#Rooms";"1";"1";"1";"upgrade";"N";"upgrades#1"
"forks#Restaurant";"1";"1";"1";"fork";"V";"forks#1"
"buses#Transportation";"1";"1";"1";"bus";"N";"buses#1"
"thats#unknown";"1";"1";"1";"thats";"V";"thats#1"
"pillows#Beds";"1";"1";"1";"pillow";"N";"pillows#1"
"linens#Beds";"1";"1";"1";"linen";"N";"linens#1"
"toiletries#Bathroom";"1";"1";"1";"toiletry";"N";"toiletries#1"
".taxis#Transportation";"1";"1";"1";".Taxis";"R";".taxis#1"
"housekeeping#Cleanliness";"1";"1";"1";"housekeeping";"V";"housekeeping#1"
"wine#Restaurant";"1";"1";"1";"wine";"N";"wine#1"
"cabinet#Rooms";"1";"1";"1";"cabinet";"N";"cabinet#1"
"dishwasher#Facilities";"1";"1";"1";"dishwasher";"N";"dishwasher#1"
"aerobic.they#Staff";"1";"1";"1";"aerobic.They";"R";"aerobic.they#1"
"there.#unknown";"1";"1";"1";"there.";"A";"there.#1"
"fingerprints#unknown";"1";"1";"1";"fingerprint";"N";"fingerprints#1"
"pipes#Bathroom";"1";"1";"1";"pipe";"N";"pipes#1"
"unpleasantness#unknown";"1";"1";"1";"unpleasantness";"N";"unpleasantness#1"
"opportunitys#Facilities";"1";"1";"1";"opportunitys";"N";"opportunitys#1"
"employes#Staff";"1";"1";"1";"employes";"N";"employes#1"
"bathrobes#Bathroom";"1";"1";"1";"bathrobes";"N";"bathrobes#1"
"performance#Staff";"1";"1";"1";"performance";"N";"performance#1"
"emails#unknown";"1";"1";"1";"email";"N";"emails#1"
"odor#Cleanliness";"1";"1";"1";"odor";"N";"odor#1"
"cocktails.#Facilities";"1";"1";"1";"cocktails.";"N";"cocktails.#1"
"wellness#Staff";"1";"1";"1";"wellness";"N";"wellness#1"
"facility#Facilities";"1";"1";"1";"facility";"N";"facility#1"
"acoustic#Noisiness";"1";"1";"1";"acoustic";"G";"acoustic#1"
"supervicion#Staff";"1";"1";"1";"supervicion";"N";"supervicion#1"
"sausages#Breakfast";"1";"1";"1";"sausage";"N";"sausages#1"
"interenet#Internet";"1";"1";"1";"interenet";"N";"interenet#1"
"carpets#Interior/exterior";"1";"1";"1";"carpet";"N";"carpets#1"
"mexican#Restaurant";"1";"1";"1";"mexican";"G";"mexican#1"
"programme#Facilities";"1";"1";"1";"programme";"N";"programme#1"
"style.#Interior/exterior";"1";"1";"1";"style.";"N";"style.#1"
"croissants#Breakfast";"1";"1";"1";"croissant";"N";"croissants#1"
"oriental#Restaurant";"1";"1";"1";"oriental";"G";"oriental#1"
"bathtub#Bathroom";"1";"1";"1";"bathtub";"N";"bathtub#1"
"hamam#Facilities";"1";"1";"1";"hamam";"N";"hamam#1"
"ceiling#Interior/exterior";"1";"1";"1";"ceiling";"N";"ceiling#1"
"whisky#Restaurant";"1";"1";"1";"whisky";"G";"whisky#1"
"tournaments#Facilities";"1";"1";"1";"tournament";"N";"tournaments#1"
"desk.#Facilities";"1";"1";"1";"desk.";"N";"desk.#1"
"bedding#Beds";"1";"1";"1";"bedding";"N";"bedding#1"
"commode#Rooms";"1";"1";"1";"commode";"N";"commode#1"
"moquette#Interior/exterior";"1";"1";"1";"moquette";"N";"moquette#1"
"mashrooms#Breakfast";"1";"1";"1";"mashrooms";"N";"mashrooms#1"
"clubs#Location";"1";"1";"1";"club";"N";"clubs#1"
"suroundings#Interior/exterior";"1";"1";"1";"suroundings";"N";"suroundings#1"
"sunbeds#Facilities";"1";"1";"1";"sunbed";"N";"sunbeds#1"
"checkin#Reservation/check-in/check-out";"1";"1";"1";"Checkin";"R";"checkin#1"
"minibus#Transportation";"1";"1";"1";"Minibus";"R";"minibus#1"
"rum#Restaurant";"1";"1";"1";"rum";"N";"rum#1"
"maxxiland#unknown";"1";"1";"1";"maxxiland";"N";"maxxiland#1"
"curtains#Interior/exterior";"1";"1";"1";"curtain";"N";"curtains#1"
"requests#unknown";"1";"1";"1";"request";"N";"requests#1"
"tele#Facilities";"1";"1";"1";"Tele";"R";"tele#1"
"knifes#Restaurant";"1";"1";"1";"knifes";"N";"knifes#1"
"hotel#unknown";"0";"100";"429";"hotel";"N";"hotel#430"
"it#unknown";"0";"88";"203";"it";"Q";"it#203"
"staff#Staff";"0";"50";"122";"staff";"N";"staff#122"
"location#Location";"0";"49";"85";"location";"N";"location#85"
"breakfast#Breakfast";"0";"35";"75";"breakfast";"N";"breakfast#75"
"food#Restaurant";"0";"28";"73";"food";"N";"food#73"
"room#Rooms";"0";"28";"185";"room";"N";"room#185"
"rooms#Rooms";"0";"27";"80";"room";"N";"rooms#80"
"service#Staff";"0";"19";"48";"service";"N";"service#48"
"bathroom#Bathroom";"0";"14";"33";"bathroom";"N";"bathroom#33"
"there#unknown";"0";"12";"147";"there";"A";"there#147"
"bed#Beds";"0";"11";"30";"bed";"N";"bed#30"
"place#Location";"0";"10";"46";"place";"N";"place#46"
"they#unknown";"0";"9";"51";"they";"Q";"they#51"
"this#unknown";"0";"8";"158";"this";"D";"this#158"
"here#unknown";"0";"7";"17";"here";"A";"here#17"
"place#unknown";"0";"7";"46";"place";"N";"place#46"
"everything#unknown";"0";"7";"23";"everything";"N";"everything#23"
"holiday#unknown";"0";"7";"28";"holiday";"N";"holiday#28"
"its#unknown";"0";"6";"18";"its";"Q";"its#18"
"bar#Facilities";"0";"6";"32";"bar";"N";"bar#32"
"restaurant#Restaurant";"0";"6";"47";"restaurant";"N";"restaurant#47"
"price#Value-for-money";"0";"6";"34";"price";"N";"price#34"
"tv#Facilities";"0";"6";"18";"TV";"N";"tv#18"
"elevator#Facilities";"0";"4";"7";"elevator";"N";"elevator#7"
"pool#Swimming pool";"0";"4";"25";"Pool";"R";"pool#25"
"walls#Interior/exterior";"0";"4";"6";"wall";"N";"walls#6"
"wifi#Internet";"0";"4";"8";"wifi";"R";"wifi#8"
"internet#Internet";"0";"4";"15";"internet";"N";"internet#15"
"facilities#Facilities";"0";"4";"11";"facility";"N";"facilities#11"
"parking#Car parking";"0";"4";"10";"Parking";"R";"parking#10"
"stay#unknown";"0";"4";"70";"stay";"N";"stay#70"
"management#Staff";"0";"4";"8";"management";"N";"management#8"
"personnel#Staff";"0";"4";"6";"personnel";"N";"personnel#6"
"services#Staff";"0";"3";"11";"service";"N";"services#11"
"restaurants#Restaurant";"0";"3";"30";"restaurant";"N";"restaurants#30"
"it#Breakfast";"0";"3";"203";"it";"Q";"it#203"
"music#Facilities";"0";"3";"8";"music";"N";"music#8"
"lobby#Interior/exterior";"0";"3";"12";"lobby";"A";"lobby#12"
"smell#Cleanliness";"0";"3";"6";"smell";"N";"smell#6"
"that#unknown";"0";"3";"102";"that";"D";"that#102"
"gym#Facilities";"0";"3";"8";"gym";"N";"gym#8"
"quality#unknown";"0";"3";"17";"quality";"N";"quality#17"
"location#unknown";"0";"3";"85";"location";"N";"location#85"
"choice#unknown";"0";"3";"21";"choice";"N";"choice#21"
"towels#Bathroom";"0";"3";"10";"towel";"N";"towels#10"
"shower#Bathroom";"0";"2";"15";"shower";"N";"shower#15"
"spa#Facilities";"0";"2";"13";"spa";"N";"spa#13"
"people#Staff";"0";"2";"26";"person";"N";"people#26"
"windows#Rooms";"0";"2";"3";"window";"N";"windows#3"
"drinks#Restaurant";"0";"2";"13";"drink";"N";"drinks#13"
"lounge#Interior/exterior";"0";"2";"5";"lounge";"R";"lounge#5"
"beds#Beds";"0";"2";"6";"bed";"N";"beds#6"
"quality#Breakfast";"0";"2";"17";"quality";"N";"quality#17"
"reception#Staff";"0";"2";"20";"reception";"N";"reception#20"
"iron#Facilities";"0";"2";"5";"iron";"N";"iron#5"
"vacation#unknown";"0";"2";"6";"vacation";"N";"vacation#6"
"furniture#Interior/exterior";"0";"2";"6";"furniture";"N";"furniture#6"
"employees#Staff";"0";"2";"3";"employee";"N";"employees#3"
"amenities#Facilities";"0";"2";"7";"amenity";"N";"amenities#7"
"shops#Location";"0";"2";"12";"shop";"N";"shops#12"
"team#Staff";"0";"2";"11";"team";"N";"team#11"
"accommodation#unknown";"0";"2";"5";"accommodation";"N";"accommodation#5"
"toilet#Bathroom";"0";"2";"9";"toilet";"N";"toilet#9"
"view#Rooms";"0";"2";"24";"view";"N";"view#24"
"hotels#unknown";"0";"2";"17";"hotel";"N";"hotels#17"
"beach#Location";"0";"2";"33";"beach";"N";"beach#33"
"all#unknown";"0";"2";"116";"all";"D";"all#116"
"dishes#Restaurant";"0";"2";"3";"dish";"N";"dishes#3"
"bath#Bathroom";"0";"2";"7";"Bath";"R";"bath#7"
"impression#unknown";"0";"2";"9";"impression";"N";"impression#9"
"pools#Swimming pool";"0";"2";"6";"pool";"N";"pools#6"
"he#Staff";"0";"2";"17";"he";"Q";"he#17"
"metro#Transportation";"0";"2";"11";"Metro";"R";"metro#11"
"linen#Beds";"0";"2";"4";"linen";"G";"linen#4"
"hospitality#unknown";"0";"2";"3";"hospitality";"N";"hospitality#3"
"hostel#unknown";"0";"2";"8";"hostel";"N";"hostel#8"
"cleanliness#Cleanliness";"0";"2";"3";"cleanliness";"N";"cleanliness#3"
"balcony#Rooms";"0";"2";"6";"balcony";"N";"balcony#6"
"restaurants#Location";"0";"2";"30";"restaurant";"N";"restaurants#30"
"looks#unknown";"0";"2";"13";"look";"N";"looks#13"
"setting#unknown";"0";"1";"2";"setting";"N";"setting#2"
"customer#unknown";"0";"1";"2";"customer";"N";"customer#2"
"louvre#Location";"0";"1";"3";"Louvre";"R";"louvre#3"
"window#Rooms";"0";"1";"5";"window";"N";"window#5"
"music#Noisiness";"0";"1";"8";"music";"N";"music#8"
"amenities#Bathroom";"0";"1";"7";"amenity";"N";"amenities#7"
"size#Rooms";"0";"1";"11";"size";"N";"size#11"
"juices#Breakfast";"0";"1";"2";"juice";"N";"juices#2"
"walls#unknown";"0";"1";"6";"wall";"N";"walls#6"
"meals#Restaurant";"0";"1";"4";"meal";"N";"meals#4"
"style#Interior/exterior";"0";"1";"7";"style";"N";"style#7"
"hotel#Location";"0";"1";"429";"hotel";"N";"hotel#430"
"position#Location";"0";"1";"2";"position";"N";"position#2"
"fruit#Restaurant";"0";"1";"2";"fruit";"N";"fruit#2"
"food#Breakfast";"0";"1";"73";"food";"N";"food#73"
"they#Staff";"0";"1";"51";"they";"Q";"they#51"
"extra#Value-for-money";"0";"1";"6";"extra";"G";"extra#6"
"receptionists#Staff";"0";"1";"4";"receptionist";"N";"receptionists#4"
"hospitality#Staff";"0";"1";"3";"hospitality";"N";"hospitality#3"
"stairs#Interior/exterior";"0";"1";"3";"stair";"N";"stairs#3"
"furniture#Rooms";"0";"1";"6";"furniture";"N";"furniture#6"
"everybody#Staff";"0";"1";"2";"everybody";"N";"everybody#2"
"bars#Location";"0";"1";"12";"bar";"N";"bars#12"
"restourant#Facilities";"0";"1";"2";"restourant";"N";"restourant#2"
"coffee#Facilities";"0";"1";"13";"coffee";"N";"coffee#13"
"manager#Staff";"0";"1";"10";"manager";"N";"manager#10"
"spot#unknown";"0";"1";"7";"spot";"N";"spot#7"
"spot#Location";"0";"1";"7";"spot";"N";"spot#7"
"restaurant#Location";"0";"1";"47";"restaurant";"N";"restaurant#47"
"people#unknown";"0";"1";"26";"person";"N";"people#26"
"attitude#unknown";"0";"1";"2";"attitude";"N";"attitude#2"
"bars#Facilities";"0";"1";"12";"bar";"N";"bars#12"
"cooks#Staff";"0";"1";"3";"cook";"N";"cooks#3"
"soap#Bathroom";"0";"1";"2";"soap";"N";"soap#2"
"situation#Location";"0";"1";"3";"situation";"N";"situation#3"
"areas#Interior/exterior";"0";"1";"11";"area";"N";"areas#11"
"keys#unknown";"0";"1";"3";"key";"N";"keys#3"
"carpet#Interior/exterior";"0";"1";"2";"carpet";"N";"carpet#2"
"palace#unknown";"0";"1";"8";"palace";"N";"palace#8"
"sheets#Rooms";"0";"1";"4";"sheet";"N";"sheets#4"
"state#unknown";"0";"1";"5";"state";"N";"state#5"
"shopping#Location";"0";"1";"17";"shopping";"N";"shopping#17"
"waiters#Staff";"0";"1";"5";"waiter";"N";"waiters#5"
"thomsons#Location";"0";"1";"2";"thomsons";"N";"thomsons#2"
"supermarket#Facilities";"0";"1";"4";"supermarket";"N";"supermarket#4"
"coffee#Breakfast";"0";"1";"13";"coffee";"N";"coffee#13"
"reviews#unknown";"0";"1";"2";"review";"N";"reviews#2"
"property#unknown";"0";"1";"3";"property";"N";"property#3"
"mattress#Beds";"0";"1";"2";"mattress";"N";"mattress#2"
"bus#Transportation";"0";"1";"17";"bus";"N";"bus#17"
"cinema#Facilities";"0";"1";"2";"cinema";"N";"cinema#2"
"slippers#Bathroom";"0";"1";"2";"slipper";"N";"slippers#2"
"italian#Restaurant";"0";"1";"4";"italian";"G";"italian#4"
"continental#Breakfast";"0";"1";"2";"continental";"G";"continental#2"
"animation#Facilities";"0";"1";"8";"animation";"N";"animation#8"
"noise#Noisiness";"0";"1";"18";"noise";"A";"noise#18"
"cuisine#Restaurant";"0";"1";"2";"cuisine";"N";"cuisine#2"
"gardens#Interior/exterior";"0";"1";"5";"garden";"N";"gardens#5"
"apartment#unknown";"0";"1";"3";"apartment";"N";"apartment#3"
"transport#Transportation";"0";"1";"6";"transport";"N";"transport#6"
"closed#Rooms";"0";"1";"4";"close";"V";"closed#4"
"rooms#unknown";"0";"1";"80";"room";"N";"rooms#80"
"fitness#Facilities";"0";"1";"2";"fitness";"N";"fitness#2"
"stains#Cleanliness";"0";"1";"3";"stain";"N";"stains#3"
"choice#Restaurant";"0";"1";"21";"choice";"N";"choice#21"
"monmarte#Location";"0";"1";"2";"Monmarte";"R";"monmarte#2"
"towels#Facilities";"0";"1";"10";"towel";"N";"towels#10"
"tables#Interior/exterior";"0";"1";"4";"table";"N";"tables#4"
"phone#Facilities";"0";"1";"2";"phone";"N";"phone#2"
"sheraton#Location";"0";"1";"2";"Sheraton";"R";"sheraton#2"
"breakfasts#Breakfast";"0";"1";"3";"breakfast";"N";"breakfasts#3"
"area#Location";"0";"1";"40";"area";"N";"area#40"
"caffees#Location";"0";"1";"2";"caffees";"N";"caffees#2"
"rimini#unknown";"0";"1";"3";"Rimini";"R";"rimini#3"
"sheets#Beds";"0";"1";"4";"sheet";"N";"sheets#4"
"slippers#Facilities";"0";"1";"2";"slipper";"N";"slippers#2"
"travelodges#unknown";"0";"1";"2";"Travelodges";"R";"travelodges#2"
"refund#unknown";"0";"1";"2";"refund";"N";"refund#2"
"information#unknown";"0";"1";"3";"information";"N";"information#3"
"everyone#Staff";"0";"1";"4";"everyone";"N";"everyone#4"
"floor#Interior/exterior";"0";"1";"24";"floor";"N";"floor#24"
"bread#Breakfast";"0";"1";"4";"bread";"G";"bread#4"
"madrid#Location";"0";"1";"8";"Madrid";"R";"madrid#8"
"beaches#Location";"0";"1";"2";"beach";"V";"beaches#2"
"·#Internet";"0";"1";"144";"·";"V";"·#147"
"mamlouk#Location";"0";"1";"4";"Mamlouk";"R";"mamlouk#4"
"eggs#Breakfast";"0";"1";"2";"egg";"N";"eggs#2"
"selection#Breakfast";"0";"1";"4";"selection";"N";"selection#4"
"drink#Restaurant";"0";"1";"6";"drink";"V";"drink#6"
"room#unknown";"0";"1";"185";"room";"N";"room#185"
"flat#Facilities";"0";"1";"5";"flat";"G";"flat#5"
"experience#unknown";"0";"1";"12";"experience";"N";"experience#12"
"pizza#Restaurant";"0";"1";"2";"pizza";"N";"pizza#2"
"service#unknown";"0";"1";"48";"service";"N";"service#48"
"atmosphere#unknown";"0";"1";"6";"atmosphere";"N";"atmosphere#6"
"view#unknown";"0";"1";"24";"view";"N";"view#24"
"surroundings#Interior/exterior";"0";"1";"3";"surroundings";"N";"surroundings#3"
"building#Interior/exterior";"0";"1";"7";"building";"N";"building#7"
"views#Interior/exterior";"0";"1";"5";"view";"N";"views#5"
"water#unknown";"0";"1";"10";"Water";"R";"water#10"
"bathrooms#Bathroom";"0";"1";"3";"bathroom";"N";"bathrooms#3"
"food#unknown";"0";"1";"73";"food";"N";"food#73"
"meal#Restaurant";"0";"1";"2";"meal";"N";"meal#2"
"architecture#Interior/exterior";"0";"1";"2";"architecture";"N";"architecture#2"
"tea#Facilities";"0";"1";"7";"tea";"N";"tea#7"
"glasses#Restaurant";"0";"1";"2";"glass";"N";"glasses#2"
"kitchen#Restaurant";"0";"1";"3";"kitchen";"N";"kitchen#3"
"speed#Internet";"0";"1";"4";"speed";"N";"speed#4"
"setting#Location";"0";"1";"2";"setting";"N";"setting#2"
"accomodation#unknown";"0";"1";"2";"accomodation";"N";"accomodation#2"
"washbasin#Bathroom";"0";"1";"2";"washbasin";"N";"washbasin#2"
"the atmosphere#unknown";"1";"4";"4";"the atmosphere";"D N";"the#1330 atmosphere#6"
"the receptionists#Staff";"1";"3";"3";"the receptionist";"D N";"the#1330 receptionists#4"
"the stuff#Staff";"1";"3";"3";"the stuff";"D N";"the#1330 stuff#4"
"swimming pools#Swimming pool";"1";"2";"2";"swimming pool";"N N";"swimming#7 pools#6"
"the spa#Facilities";"1";"2";"2";"the spa";"D N";"the#1330 spa#13"
"the dinner#Restaurant";"1";"2";"2";"the dinner";"D N";"the#1330 dinner#10"
"the sheets#Beds";"1";"2";"2";"the sheet";"D N";"the#1330 sheets#4"
"the halls#Interior/exterior";"1";"2";"2";"the hall";"D N";"the#1330 halls#2"
"holiday stay#unknown";"1";"2";"2";"holiday stay";"N N";"holiday#28 stay#70"
"the amenities#Facilities";"1";"2";"2";"the amenity";"D N";"the#1330 amenities#7"
"groundfloor room#Rooms";"1";"2";"2";"groundfloor room";"N N";"groundfloor#2 room#185"
"his team#Staff";"1";"2";"2";"his team";"Q N";"his#6 team#11"
"bed linen#Beds";"1";"2";"2";"bed linen";"N N";"bed#30 linen#4"
"holiday place#Location";"1";"1";"1";"holiday place";"N N";"holiday#28 place#46"
"hotel location#Location";"1";"1";"1";"hotel location";"N N";"hotel#430 location#85"
"resort hotel#unknown";"1";"1";"1";"resort hotel";"N N";"resort#8 hotel#430"
"the design#Interior/exterior";"1";"1";"1";"the design";"D N";"the#1330 design#5"
"executive lounge#Facilities";"1";"1";"1";"Executive Lounge";"R R";"executive#6 lounge#5"
"cathode tv#Facilities";"1";"1";"1";"cathode Tv";"N R";"cathode#1 tv#18"
"electric kettle#Facilities";"1";"1";"1";"electric kettle";"G N";"electric#1 kettle#2"
"a bill#unknown";"1";"1";"1";"a bill";"D N";"a#534 bill#1"
"dam square#Location";"1";"1";"1";"Dam Square";"R R";"dam#1 square#5"
"cold drinks#Facilities";"1";"1";"1";"Cold drink";"R N";"cold#5 drinks#13"
"pool view#Rooms";"1";"1";"1";"pool view";"N N";"pool#25 view#24"
"the turkish#Restaurant";"1";"1";"1";"the turkish";"D G";"the#1330 turkish#2"
"dinner portions#Restaurant";"1";"1";"1";"dinner portion";"N N";"dinner#10 portions#1"
"restaurants around#Location";"1";"1";"1";"restaurant around";"N A";"restaurants#30 around#26"
"zone 1#Location";"1";"1";"1";"zone 1";"N O";"zone#1 1#9"
"the sink#Bathroom";"1";"1";"1";"the sink";"D N";"the#1330 sink#1"
"public restrooms#Bathroom";"1";"1";"1";"public restrooms";"N V";"public#9 restrooms#1"
"the cottages#unknown";"1";"1";"1";"the cottage";"D N";"the#1330 cottages#1"
"the villa#unknown";"1";"1";"1";"the villa";"D N";"the#1330 villa#4"
"some cleaning#Cleanliness";"1";"1";"1";"some cleaning";"D N";"some#42 cleaning#5"
"parking spaces#Car parking";"1";"1";"1";"park space";"V N";"parking#10 spaces#1"
"service desk#Staff";"1";"1";"1";"Service desk";"R N";"service#48 desk#11"
"the mattresses#Beds";"1";"1";"1";"the mattress";"D N";"the#1330 mattresses#1"
"any noise#Noisiness";"1";"1";"1";"any noise";"D N";"any#29 noise#18"
"this room#Rooms";"1";"1";"1";"this room";"D N";"this#158 room#185"
"soap dish#Bathroom";"1";"1";"1";"soap dish";"N N";"soap#2 dish#1"
"a bar#Facilities";"1";"1";"1";"a bar";"D N";"a#534 bar#32"
"takeaway basket#Facilities";"1";"1";"1";"takeaway basket";"N N";"takeaway#1 basket#1"
"food choice#Restaurant";"1";"1";"1";"food choice";"N N";"food#73 choice#21"
"great luxury#unknown";"1";"1";"1";"great luxury";"G N";"great#91 luxury#9"
"the corridors#Interior/exterior";"1";"1";"1";"the corridor";"D N";"the#1330 corridors#1"
"the personnel#Staff";"1";"1";"1";"the personnel";"D N";"the#1330 personnel#6"
"the decor#Interior/exterior";"1";"1";"1";"the decor";"D N";"the#1330 decor#1"
"its placement#Location";"1";"1";"1";"its placement";"Q N";"its#18 placement#1"
"river seine#Location";"1";"1";"1";"river seine";"N N";"river#4 seine#1"
"spa services#Facilities";"1";"1";"1";"Spa service";"R N";"spa#13 services#11"
"the accommodation#Facilities";"1";"1";"1";"the accommodation";"D N";"the#1330 accommodation#5"
"lcd tv#Facilities";"1";"1";"1";"LCD TV";"R N";"lcd#1 tv#18"
"every thing#unknown";"1";"1";"1";"every thing";"D N";"every#17 thing#11"
"studio room#Rooms";"1";"1";"1";"studio room";"N N";"studio#2 room#185"
"these apartments#unknown";"1";"1";"1";"these apartment";"D N";"these#7 apartments#4"
"shopping mall#Location";"1";"1";"1";"shopping mall";"N N";"shopping#17 mall#3"
"beach areas#Facilities";"1";"1";"1";"beach area";"N N";"beach#33 areas#11"
"hotel ambience#unknown";"1";"1";"1";"hotel ambience";"N N";"hotel#430 ambience#1"
"the preciseness#unknown";"1";"1";"1";"the preciseness";"D N";"the#1330 preciseness#1"
"airport shuttle#Transportation";"1";"1";"1";"Airport shuttle";"R N";"airport#21 shuttle#6"
"fruit choice#Breakfast";"1";"1";"1";"Fruit choice";"R N";"fruit#2 choice#21"
"the massage#Facilities";"1";"1";"1";"the massage";"D N";"the#1330 massage#2"
"asian restaurant#Restaurant";"1";"1";"1";"asian restaurant";"G N";"asian#2 restaurant#47"
"bussiness choice#unknown";"1";"1";"1";"bussiness choice";"N N";"bussiness#1 choice#21"
"breakfast staffs#Staff";"1";"1";"1";"breakfast staff";"N N";"breakfast#75 staffs#2"
"some services#Staff";"1";"1";"1";"some service";"D N";"some#42 services#11"
"the choices#unknown";"1";"1";"1";"the choice";"D N";"the#1330 choices#2"
"the madrasses#Beds";"1";"1";"1";"the madrasses";"D N";"the#1330 madrasses#1"
"beach activities#Facilities";"1";"1";"1";"beach activity";"N N";"beach#33 activities#2"
"room artwork#Rooms";"1";"1";"1";"room artwork";"N N";"room#185 artwork#1"
"rungis market#Location";"1";"1";"1";"Rungis market";"R N";"rungis#2 market#5"
"all rounder#unknown";"1";"1";"1";"all rounder";"D N";"all#116 rounder#1"
"the ac#unknown";"1";"1";"1";"the AC";"D R";"the#1330 ac#1"
"the bellmen#Staff";"1";"1";"1";"the bellmen";"D N";"the#1330 bellmen#1"
"something different#unknown";"1";"1";"1";"something different";"A G";"something#10 different#11"
"little insects#Cleanliness";"1";"1";"1";"little insect";"G N";"little#32 insects#1"
"small fridge#Facilities";"1";"1";"1";"small fridge";"G G";"small#53 fridge#4"
"bus stations#Transportation";"1";"1";"1";"bus station";"N N";"bus#17 stations#5"
"night rest#unknown";"1";"1";"1";"night rest";"N N";"night#44 rest#7"
"french cuisine#Restaurant";"1";"1";"1";"french cuisine";"G N";"french#8 cuisine#2"
"service level#Staff";"1";"1";"1";"service level";"N N";"service#48 level#4"
"dining areas#Location";"1";"1";"1";"dining area";"N N";"dining#4 areas#11"
"a kettle#Facilities";"1";"1";"1";"a kettle";"D N";"a#534 kettle#2"
"some restaurants#Location";"1";"1";"1";"some restaurant";"D N";"some#42 restaurants#30"
"shower equipment#Bathroom";"1";"1";"1";"shower equipment";"N N";"shower#15 equipment#3"
"wooden floor#Interior/exterior";"1";"1";"1";"wooden floor";"G N";"wooden#1 floor#24"
"tho hotel#unknown";"1";"1";"1";"Tho Hotel";"R R";"tho#1 hotel#430"
"centre pompidou#Location";"1";"1";"1";"Centre Pompidou";"R R";"centre#13 pompidou#1"
"3 complaints#unknown";"1";"1";"1";"3 complaint";"O N";"3#14 complaints#3"
"used plates#Restaurant";"1";"1";"1";"use plate";"V N";"used#8 plates#1"
"first impression#unknown";"1";"1";"1";"1 impression";"G N";"first#19 impression#9"
"the menus#Restaurant";"1";"1";"1";"the menus";"D N";"the#1330 menus#1"
"death rat#unknown";"1";"1";"1";"death rat";"N A";"death#1 rat#1"
"marseillan plage#Location";"1";"1";"1";"Marseillan plage";"R N";"marseillan#1 plage#1"
"transport connections#Transportation";"1";"1";"1";"transport connection";"N N";"transport#6 connections#4"
"minibar drinks#Facilities";"1";"1";"1";"minibar drink";"N N";"minibar#3 drinks#13"
"the carpet#Interior/exterior";"1";"1";"1";"the carpet";"D N";"the#1330 carpet#2"
"bed cover#Beds";"1";"1";"1";"bed cover";"N N";"bed#30 cover#1"
"many bars#Location";"1";"1";"1";"many bar";"G N";"many#17 bars#12"
"the bass#Noisiness";"1";"1";"1";"the bass";"D N";"the#1330 bass#1"
"its beach#Location";"1";"1";"1";"its beach";"Q N";"its#18 beach#33"
"the beaches#Location";"1";"1";"1";"the beach";"D N";"the#1330 beaches#2"
"dining options#Location";"1";"1";"1";"dining option";"N N";"dining#4 options#6"
"a stay#unknown";"1";"1";"1";"a stay";"D N";"a#534 stay#70"
"the drinks#Restaurant";"1";"1";"1";"the drink";"D N";"the#1330 drinks#13"
"one tv#Facilities";"1";"1";"1";"one TV";"O N";"one#67 tv#18"
"all furniture#Interior/exterior";"1";"1";"1";"all furniture";"D N";"all#116 furniture#6"
"the style#Interior/exterior";"1";"1";"1";"the style";"D N";"the#1330 style#7"
"relaxation area#Facilities";"1";"1";"1";"relaxation area";"N N";"relaxation#1 area#40"
"spa area#Facilities";"1";"1";"1";"spa area";"G N";"spa#13 area#40"
"the meals#Restaurant";"1";"1";"1";"the meal";"D N";"the#1330 meals#4"
"some staff#Staff";"1";"1";"1";"some staff";"D N";"some#42 staff#122"
"the mattress#Beds";"1";"1";"1";"the mattress";"D N";"the#1330 mattress#2"
"entertainment program#Facilities";"1";"1";"1";"entertainment program";"N N";"entertainment#6 program#1"
"the employees#Staff";"1";"1";"1";"the employee";"D N";"the#1330 employees#3"
"golf courses#Facilities";"1";"1";"1";"golf course";"D N";"golf#3 courses#1"
"video games#Facilities";"1";"1";"1";"video game";"G N";"video#1 games#2"
"touristy area#unknown";"1";"1";"1";"touristy area";"G N";"touristy#1 area#40"
"get away#unknown";"1";"1";"1";"get away";"V O";"get#39 away#15"
"mamlouk resort#Location";"1";"1";"1";"Mamlouk resort";"R N";"mamlouk#4 resort#8"
"negative review#unknown";"1";"1";"1";"negative review";"G N";"negative#2 review#1"
"its location#Location";"1";"1";"1";"its location";"Q N";"its#18 location#85"
"beach area#Location";"1";"1";"1";"beach area";"D N";"beach#33 area#40"
"hotel interior#Interior/exterior";"1";"1";"1";"hotel interior";"N N";"hotel#430 interior#2"
"room space#Rooms";"1";"1";"1";"room space";"N N";"room#185 space#10"
"rs375 off#unknown";"1";"1";"1";"RS375 off";"R P";"rs375#1 off#10"
"shared shower#Bathroom";"1";"1";"1";"share shower";"V N";"shared#1 shower#15"
"nespresso machine#Facilities";"1";"1";"1";"Nespresso machine";"R N";"nespresso#1 machine#5"
"jacuzzi area#Facilities";"1";"1";"1";"jacuzzi area";"N N";"jacuzzi#1 area#40"
"child pool#Swimming pool";"1";"1";"1";"child pool";"N N";"child#2 pool#25"
"living room#unknown";"1";"1";"1";"living room";"N N";"living#1 room#185"
"the furniture#Interior/exterior";"1";"1";"1";"the furniture";"D N";"the#1330 furniture#6"
"real bar#Facilities";"1";"1";"1";"real bar";"G N";"real#3 bar#32"
"the bathrooms#Bathroom";"1";"1";"1";"the bathroom";"D N";"the#1330 bathrooms#3"
"the complex#Interior/exterior";"1";"1";"1";"the complex";"D N";"the#1330 complex#1"
"back massage#Facilities";"1";"1";"1";"back massage";"A N";"back#36 massage#2"
"complaints handling#Reservation/check-in/check-out";"1";"1";"1";"complaint handle";"N V";"complaints#3 handling#1"
"beach resort#unknown";"1";"1";"1";"beach resort";"N N";"beach#33 resort#8"
"internet centre#Internet";"1";"1";"1";"Internet centre";"R N";"internet#15 centre#13"
"the gilde#Location";"1";"1";"1";"the Gilde";"D R";"the#1330 gilde#2"
"every need#Staff";"1";"1";"1";"every need";"D N";"every#17 need#18"
"the neightborhood#Interior/exterior";"1";"1";"1";"the neightborhood";"D N";"the#1330 neightborhood#1"
"heating system#Facilities";"1";"1";"1";"heating system";"N N";"heating#1 system#2"
"hotel experience#unknown";"1";"1";"1";"hotel experience";"N N";"hotel#430 experience#12"
"soft drinks#Facilities";"1";"1";"1";"soft drink";"G N";"soft#2 drinks#13"
"customer service#Staff";"1";"1";"1";"customer service";"N N";"customer#2 service#48"
"two things#unknown";"1";"1";"1";"two thing";"O N";"two#21 things#9"
"drinks buffet#Facilities";"1";"1";"1";"drink buffet";"N N";"drinks#13 buffet#8"
"this travelodge#unknown";"1";"1";"1";"this Travelodge";"D R";"this#158 travelodge#1"
"every noice#Noisiness";"1";"1";"1";"every noice";"D N";"every#17 noice#1"
"steam iron#Facilities";"1";"1";"1";"steam iron";"N N";"steam#1 iron#5"
"bell staff#Staff";"1";"1";"1";"Bell staff";"R N";"bell#1 staff#122"
"excecutive chef#Staff";"1";"1";"1";"excecutive chef";"G N";"excecutive#1 chef#4"
"beach club#Facilities";"1";"1";"1";"beach club";"N N";"beach#33 club#4"
"room insulation#Noisiness";"1";"1";"1";"room insulation";"N N";"room#185 insulation#1"
"wash basin#Bathroom";"1";"1";"1";"wash basin";"N N";"wash#1 basin#2"
"notre dame#Location";"1";"1";"1";"Notre Dame";"R R";"notre#1 dame#1"
"the kichen#Facilities";"1";"1";"1";"the kichen";"D N";"the#1330 kichen#1"
"every detail#unknown";"1";"1";"1";"every detail";"D N";"every#17 detail#4"
"2 seats#Rooms";"1";"1";"1";"2 seat";"O N";"2#22 seats#2"
"wow about#unknown";"1";"1";"1";"wow about";"V P";"wow#1 about#36"
"bus tickets#Transportation";"1";"1";"1";"bus ticket";"N N";"bus#17 tickets#2"
"tube stations#Transportation";"1";"1";"1";"tube station";"N N";"tube#3 stations#5"
"many comforts#Facilities";"1";"1";"1";"many comfort";"G N";"many#17 comforts#3"
"this experience#unknown";"1";"1";"1";"this experience";"D N";"this#158 experience#12"
"this campsite#unknown";"1";"1";"1";"this campsite";"D N";"this#158 campsite#3"
"flat tv#Facilities";"1";"1";"1";"Flat TV";"R N";"flat#5 tv#18"
"tv signal#Facilities";"1";"1";"1";"TV signal";"N N";"tv#18 signal#2"
"5 restaurants#Restaurant";"1";"1";"1";"5 restaurant";"O N";"5#22 restaurants#30"
"all noise#Noisiness";"1";"1";"1";"all noise";"D N";"all#116 noise#18"
"tube television#Facilities";"1";"1";"1";"tube television";"N N";"tube#3 television#1"
"hamburger meat#Restaurant";"1";"1";"1";"Hamburger meat";"R N";"hamburger#1 meat#1"
"everything else#unknown";"1";"1";"1";"everything else";"N A";"everything#23 else#5"
"tuscan location#Location";"1";"1";"1";"Tuscan location";"R N";"tuscan#2 location#85"
"evening entertainment#Facilities";"1";"1";"1";"evening entertainment";"N N";"evening#6 entertainment#6"
"this resort#unknown";"1";"1";"1";"this resort";"D N";"this#158 resort#8"
"gym facilities#Facilities";"1";"1";"1";"gym facility";"N N";"gym#8 facilities#11"
"live show#Facilities";"1";"1";"1";"live show";"G N";"live#2 show#2"
"the expense#Value-for-money";"1";"1";"1";"the expense";"D N";"the#1330 expense#1"
"electrical outlet#Facilities";"1";"1";"1";"electrical outlet";"G N";"electrical#2 outlet#1"
"upper rooms#Rooms";"1";"1";"1";"Upper room";"R N";"upper#4 rooms#80"
"maid service#Staff";"1";"1";"1";"Maid service";"R N";"maid#1 service#48"
"the cabinets#Rooms";"1";"1";"1";"the cabinet";"D N";"the#1330 cabinets#1"
"food prices#Value-for-money";"1";"1";"1";"food price";"N N";"food#73 prices#2"
"new ones#unknown";"1";"1";"1";"new one";"G N";"new#9 ones#2"
"reception personnel#Staff";"1";"1";"1";"reception personnel";"N N";"reception#20 personnel#6"
"enough seats#Restaurant";"1";"1";"1";"enough seat";"G N";"enough#20 seats#2"
"tee times#Facilities";"1";"1";"1";"tee time";"N N";"tee#1 times#14"
"bus stops#Transportation";"1";"1";"1";"bus stop";"N N";"bus#17 stops#2"
"hotel massena#unknown";"1";"1";"1";"hotel Massena";"N R";"hotel#430 massena#1"
"room lock#Rooms";"1";"1";"1";"room lock";"N N";"room#185 lock#1"
"the experience#unknown";"1";"1";"1";"the experience";"D N";"the#1330 experience#12"
"orange juice#Breakfast";"1";"1";"1";"orange juice";"N N";"orange#1 juice#3"
"piped music#Facilities";"1";"1";"1";"pipe music";"V N";"piped#1 music#8"
"nousy works#Noisiness";"1";"1";"1";"nousy work";"A V";"nousy#1 works#4"
"screen tv#Facilities";"1";"1";"1";"screen TV";"N N";"screen#2 tv#18"
"our pitch#Facilities";"1";"1";"1";"our pitch";"Q N";"our#69 pitch#1"
"ironing board#Facilities";"1";"1";"1";"iron board";"V N";"ironing#1 board#2"
"two options#unknown";"1";"1";"1";"two option";"O N";"two#21 options#6"
"mini minidisco#Facilities";"1";"1";"1";"mini minidisco";"V G";"mini#4 minidisco#1"
"the dawning#unknown";"1";"1";"1";"the dawning";"D N";"the#1330 dawning#1"
"the scale#unknown";"1";"1";"1";"the scale";"D N";"the#1330 scale#1"
"decorative items#Interior/exterior";"1";"1";"1";"decorative item";"N N";"decorative#1 items#4"
"bath shower#Bathroom";"1";"1";"1";"Bath shower";"R N";"bath#7 shower#15"
"numerous shopping#Location";"1";"1";"1";"numerous shopping";"G N";"numerous#3 shopping#17"
"sunrise mamlouk#Location";"1";"1";"1";"Sunrise Mamlouk";"R R";"sunrise#2 mamlouk#4"
"holiday resort#unknown";"1";"1";"1";"holiday resort";"N N";"holiday#28 resort#8"
"the walk#unknown";"1";"1";"1";"the walk";"D N";"the#1330 walk#20"
"the kitchenware#Facilities";"1";"1";"1";"the kitchenware";"D N";"the#1330 kitchenware#1"
"high floor#Interior/exterior";"1";"1";"1";"high floor";"G N";"high#5 floor#24"
"internet access#Internet";"1";"1";"1";"Internet access";"R N";"internet#15 access#9"
"bathroom basin#Bathroom";"1";"1";"1";"bathroom basin";"N N";"bathroom#33 basin#2"
"the hotel#unknown";"0";"54";"163";"the hotel";"D N";"the#1330 hotel#430"
"the room#Rooms";"0";"37";"72";"the room";"D N";"the#1330 room#185"
"this hotel#unknown";"0";"29";"71";"this hotel";"D N";"this#158 hotel#430"
"the staff#Staff";"0";"28";"38";"the staff";"D N";"the#1330 staff#122"
"the rooms#Rooms";"0";"19";"25";"the room";"D N";"the#1330 rooms#80"
"the location#Location";"0";"18";"20";"the location";"D N";"the#1330 location#85"
"the food#Restaurant";"0";"16";"22";"the food";"D N";"the#1330 food#73"
"the bathroom#Bathroom";"0";"11";"16";"the bathroom";"D N";"the#1330 bathroom#33"
"the price#Value-for-money";"0";"8";"19";"the price";"D N";"the#1330 price#34"
"the breakfast#Breakfast";"0";"8";"15";"the breakfast";"D N";"the#1330 breakfast#75"
"the service#Staff";"0";"7";"9";"the service";"D N";"the#1330 service#48"
"the bed#Beds";"0";"7";"9";"the bed";"D N";"the#1330 bed#30"
"our room#Rooms";"0";"6";"10";"our room";"Q N";"our#69 room#185"
"the beach#Location";"0";"5";"9";"the beach";"D N";"the#1330 beach#33"
"this place#unknown";"0";"3";"5";"this place";"D N";"this#158 place#46"
"check in#Reservation/check-in/check-out";"0";"3";"7";"check in";"N P";"check#17 in#432"
"the bar#Facilities";"0";"3";"9";"the bar";"D N";"the#1330 bar#32"
"my room#Rooms";"0";"3";"7";"my room";"Q N";"my#77 room#185"
"pool area#Swimming pool";"0";"3";"6";"pool area";"N N";"pool#25 area#40"
"animation team#Staff";"0";"3";"5";"animation team";"N N";"animation#8 team#11"
"the restaurant#Restaurant";"0";"3";"17";"the restaurant";"D N";"the#1330 restaurant#47"
"the pool#Swimming pool";"0";"2";"5";"the pool";"D N";"the#1330 pool#25"
"room service#Staff";"0";"2";"4";"Room service";"N N";"room#185 service#48"
"reception staff#Staff";"0";"2";"4";"reception staff";"N N";"reception#20 staff#122"
"internet connection#Internet";"0";"2";"3";"internet connection";"N N";"internet#15 connection#5"
"all staff#Staff";"0";"2";"4";"all staff";"D N";"all#116 staff#122"
"wireless internet#Internet";"0";"2";"3";"wireless internet";"G N";"wireless#3 internet#15"
"this place#Location";"0";"2";"5";"this place";"D N";"this#158 place#46"
"our stay#unknown";"0";"2";"7";"our stay";"Q N";"our#69 stay#70"
"swimming pool#Swimming pool";"0";"2";"4";"swim pool";"V N";"swimming#7 pool#25"
"the place#unknown";"0";"2";"7";"the place";"D N";"the#1330 place#46"
"a hotel#unknown";"0";"2";"7";"a hotel";"D N";"a#534 hotel#430"
"the owners#Staff";"0";"2";"4";"the owner";"D N";"the#1330 owners#4"
"the ticket#unknown";"0";"1";"2";"the ticket";"D N";"the#1330 ticket#3"
"the stay#unknown";"0";"1";"3";"the stay";"D N";"the#1330 stay#70"
"many people#unknown";"0";"1";"3";"many person";"G N";"many#17 people#26"
"executive room#Rooms";"0";"1";"3";"executive room";"G N";"executive#6 room#185"
"the toilet#Bathroom";"0";"1";"3";"the toilet";"D N";"the#1330 toilet#9"
"train stations#Transportation";"0";"1";"2";"train station";"N N";"train#7 stations#5"
"our reservation#Reservation/check-in/check-out";"0";"1";"2";"our reservation";"Q N";"our#69 reservation#7"
"the gardens#Interior/exterior";"0";"1";"2";"the garden";"D N";"the#1330 gardens#5"
"french hotel#unknown";"0";"1";"2";"french hotel";"G N";"french#8 hotel#430"
"the outside#Interior/exterior";"0";"1";"3";"the outside";"D G";"the#1330 outside#13"
"this price#Value-for-money";"0";"1";"2";"this price";"D N";"this#158 price#34"
"the animation#Facilities";"0";"1";"5";"the animation";"D N";"the#1330 animation#8"
"the metro#Transportation";"0";"1";"3";"the metro";"D N";"the#1330 metro#11"
"room cleaning#Cleanliness";"0";"1";"2";"Room cleaning";"R N";"room#185 cleaning#5"
"aqua park#Facilities";"0";"1";"5";"Aqua park";"R N";"aqua#5 park#10"
"air conditioning#Facilities";"0";"1";"4";"air conditioning";"N N";"air#8 conditioning#4"
"the campsite#Staff";"0";"1";"2";"the campsite";"D N";"the#1330 campsite#3"
"a choice#unknown";"0";"1";"2";"a choice";"D N";"a#534 choice#21"
"the entertainment#Staff";"0";"1";"2";"the entertainment";"D N";"the#1330 entertainment#6"
"reception area#Interior/exterior";"0";"1";"3";"reception area";"N N";"reception#20 area#40"
"staff members#Staff";"0";"1";"2";"staff member";"N N";"staff#122 members#3"
"bathroom door#Bathroom";"0";"1";"2";"bathroom door";"N N";"bathroom#33 door#13"
"front desk#Staff";"0";"1";"5";"Front desk";"R N";"front#13 desk#11"
"the staff#unknown";"0";"1";"38";"the staff";"D N";"the#1330 staff#122"
"public transportation#Transportation";"0";"1";"3";"public transportation";"G N";"public#9 transportation#3"
"coffee machine#Facilities";"0";"1";"2";"coffee machine";"N N";"coffee#13 machine#5"
"a restaurant#Restaurant";"0";"1";"2";"a restaurant";"D N";"a#534 restaurant#47"
"the price#unknown";"0";"1";"19";"the price";"D N";"the#1330 price#34"
"some refurbishment#Interior/exterior";"0";"1";"2";"some refurbishment";"D N";"some#42 refurbishment#4"
"a supermarket#Location";"0";"1";"2";"a supermarket";"D N";"a#534 supermarket#4"
"personal service#Staff";"0";"1";"2";"personal service";"G N";"personal#5 service#48"
"my stay#unknown";"0";"1";"7";"my stay";"Q N";"my#77 stay#70"
"the fridge#Facilities";"0";"1";"2";"the fridge";"D N";"the#1330 fridge#4"
"the chair#Rooms";"0";"1";"2";"the chair";"D N";"the#1330 chair#2"
"airport hotel#unknown";"0";"1";"2";"airport hotel";"N N";"airport#21 hotel#430"
"tram stop#Transportation";"0";"1";"3";"Tram stop";"R N";"tram#4 stop#6"
"the noise#Noisiness";"0";"1";"7";"the noise";"D N";"the#1330 noise#18"
"the bath#Bathroom";"0";"1";"3";"the bath";"D N";"the#1330 bath#7"
"many restaurants#Location";"0";"1";"2";"many restaurant";"G N";"many#17 restaurants#30"
"executive chef#Staff";"0";"1";"2";"executive chef";"N N";"executive#6 chef#4"
"the gym#Facilities";"0";"1";"2";"the gym";"D N";"the#1330 gym#8"
"somewhere else#unknown";"0";"1";"2";"somewhere else";"A A";"somewhere#3 else#5"
"sultana café#Location";"0";"1";"2";"Sultana Café";"R R";"sultana#2 café#2"
"the quality#Restaurant";"0";"1";"2";"the quality";"D N";"the#1330 quality#17"
"a balcony#Rooms";"0";"1";"2";"a balcony";"D N";"a#534 balcony#6"
"upper floors#Interior/exterior";"0";"1";"2";"upper floor";"G N";"upper#4 floors#3"
"somewhere else#Location";"0";"1";"2";"somewhere else";"A A";"somewhere#3 else#5"
"the choice#Breakfast";"0";"1";"2";"the choice";"D N";"the#1330 choice#21"
"nh carlton#unknown";"0";"1";"2";"NH CARLTON";"R R";"nh#2 carlton#4"
"the buffet#Restaurant";"0";"1";"4";"the buffet";"D N";"the#1330 buffet#8"
"the view#Rooms";"0";"1";"6";"the view";"D N";"the#1330 view#24"
"the manager#Staff";"0";"1";"3";"the manager";"D N";"the#1330 manager#10"
"the waiters#Staff";"0";"1";"3";"the waiter";"D N";"the#1330 waiters#5"
"the towels#unknown";"0";"1";"2";"the towel";"D N";"the#1330 towels#10"
"public transport#Transportation";"0";"1";"3";"public transport";"G N";"public#9 transport#6"
"the food#unknown";"0";"1";"22";"the food";"D N";"the#1330 food#73"
"hotel room#Rooms";"0";"1";"4";"hotel room";"N N";"hotel#430 room#185"
"pool areas#Swimming pool";"0";"1";"2";"pool area";"N N";"pool#25 areas#11"
"the street#Location";"0";"1";"7";"the street";"D N";"the#1330 street#13"
"air condition#Facilities";"0";"1";"2";"air condition";"N N";"air#8 condition#7"
"the window#Rooms";"0";"1";"2";"the window";"D N";"the#1330 window#5"
"hotel staff#Staff";"0";"1";"3";"Hotel staff";"R N";"hotel#430 staff#122"
"all inclusive#Facilities";"0";"1";"11";"all inclusive";"D G";"all#116 inclusive#13"
"the entrance#Interior/exterior";"0";"1";"3";"the entrance";"D N";"the#1330 entrance#5"
"the money#Value-for-money";"0";"1";"7";"the money";"D N";"the#1330 money#24"
"the apartments#unknown";"0";"1";"2";"the apartment";"D N";"the#1330 apartments#4"
"the coffee#Breakfast";"0";"1";"2";"the coffee";"D N";"the#1330 coffee#13"
"its price#Value-for-money";"0";"1";"2";"its price";"Q N";"its#18 price#34"
"the ground#unknown";"0";"1";"5";"the ground";"D N";"the#1330 ground#5"
"a desk#Rooms";"0";"1";"2";"a desk";"D N";"a#534 desk#11"
"the buffet#Breakfast";"0";"1";"4";"the buffet";"D N";"the#1330 buffet#8"
"room size#Rooms";"0";"1";"3";"Room size";"R N";"room#185 size#11"
"the area#Location";"0";"1";"5";"the area";"D N";"the#1330 area#40"
"the hostel#unknown";"0";"1";"2";"the hostel";"D N";"the#1330 hostel#8"
"front desk#Reservation/check-in/check-out";"0";"1";"5";"Front desk";"R N";"front#13 desk#11"
"hot water#Bathroom";"0";"1";"2";"hot water";"G N";"hot#11 water#10"
"my expectations#unknown";"0";"1";"2";"my expectation";"Q N";"my#77 expectations#5"
"area around#Location";"0";"1";"3";"area around";"N P";"area#40 around#26"
"bar staff#Staff";"0";"1";"3";"Bar staff";"R N";"bar#32 staff#122"
"the wifi#Internet";"0";"1";"2";"the Wifi";"D R";"the#1330 wifi#8"
"the place#Location";"0";"1";"7";"the place";"D N";"the#1330 place#46"
"all inclusive#unknown";"0";"1";"11";"all inclusive";"D G";"all#116 inclusive#13"
"the elevator#Facilities";"0";"1";"2";"the elevator";"D N";"the#1330 elevator#7"
"car park#Car parking";"0";"1";"3";"car park";"N N";"car#7 park#10"
"some people#unknown";"0";"1";"2";"some person";"D N";"some#42 people#26"
"the lobby#Interior/exterior";"0";"1";"7";"the lobby";"D N";"the#1330 lobby#12"
"the vivaldi hotel#Location";"1";"3";"3";"the Vivaldi Hotel";"D R R";"the#1330 vivaldi#3 hotel#430"
"the hotel rooms#Rooms";"1";"3";"3";"the hotel room";"D N N";"the#1330 hotel#430 rooms#80"
"the car park#Car parking";"1";"2";"2";"the car park";"D N N";"the#1330 car#7 park#10"
"the reception area#Interior/exterior";"1";"2";"2";"the reception area";"D N N";"the#1330 reception#20 area#40"
"the breakfast times#Breakfast";"1";"2";"2";"the breakfast time";"D N N";"the#1330 breakfast#75 times#14"
"the reception staff#Staff";"1";"2";"2";"the reception staff";"D N N";"the#1330 reception#20 staff#122"
"the bar staff#Staff";"1";"2";"2";"the bar staff";"D N N";"the#1330 bar#32 staff#122"
"the hotel staff#Staff";"1";"2";"2";"the hotel staff";"D N N";"the#1330 hotel#430 staff#122"
"the check in#Reservation/check-in/check-out";"1";"2";"2";"the check in";"D N A";"the#1330 check#17 in#432"
"the central location#Location";"1";"2";"2";"the central location";"D N N";"the#1330 central#11 location#85"
"the old villa#unknown";"1";"1";"1";"the old villa";"D G N";"the#1330 old#36 villa#4"
"all information needed#unknown";"1";"1";"1";"all information need";"D N V";"all#116 information#3 needed#6"
"anything beyond basics#unknown";"1";"1";"1";"anything beyond basics";"N P N";"anything#8 beyond#2 basics#2"
"very friendly animator#Staff";"1";"1";"1";"very friendly animator";"A G N";"very#267 friendly#55 animator#2"
"a good espresso#Facilities";"1";"1";"1";"a good espresso";"D G N";"a#534 good#153 espresso#1"
"the common area#Facilities";"1";"1";"1";"the common area";"D G N";"the#1330 common#1 area#40"
"pre · booking#unknown";"1";"1";"1";"Pre · Booking";"R N R";"pre#1 ·#147 booking#6"
"most of music#Facilities";"1";"1";"1";"much of music";"A P N";"most#25 of#340 music#8"
"place to relax#Location";"1";"1";"1";"place to relax";"N P V";"place#46 to#506 relax#6"
"assistance with issues#Staff";"1";"1";"1";"assistance with issue";"N P N";"assistance#1 with#183 issues#3"
"full english breakfast#Breakfast";"1";"1";"1";"Full English breakfast";"R R N";"full#11 english#21 breakfast#75"
"the egyptian people#unknown";"1";"1";"1";"the egyptian person";"D G N";"the#1330 egyptian#2 people#26"
"5 star tag#unknown";"1";"1";"1";"5 star tag";"O N N";"5#22 star#20 tag#1"
"the whole experience#unknown";"1";"1";"1";"the whole experience";"D G N";"the#1330 whole#12 experience#12"
"the bathroom door#Bathroom";"1";"1";"1";"the bathroom door";"D N N";"the#1330 bathroom#33 door#13"
"the camping village#unknown";"1";"1";"1";"the camping village";"D N N";"the#1330 camping#1 village#5"
"especially concierge services#Staff";"1";"1";"1";"especially concierge service";"A V N";"especially#16 concierge#1 services#11"
"guest relations staff#Staff";"1";"1";"1";"GUEST RELATIONS staff";"R R N";"guest#11 relations#1 staff#122"
"distance from firenze#Location";"1";"1";"1";"distance from firenze";"N P N";"distance#23 from#101 firenze#1"
"the casa 400#Location";"1";"1";"1";"the Casa 400";"D R O";"the#1330 casa#1 400#2"
"the buffet breakfast#Breakfast";"1";"1";"1";"the buffet breakfast";"D N N";"the#1330 buffet#8 breakfast#75"
"the actual neighbourhood#Location";"1";"1";"1";"the actual neighbourhood";"D G N";"the#1330 actual#3 neighbourhood#1"
"all modern comforts#Facilities";"1";"1";"1";"all modern comfort";"D G N";"all#116 modern#20 comforts#3"
"lot of restaurants#Location";"1";"1";"1";"lot of restaurant";"N P N";"lot#23 of#340 restaurants#30"
"kindness of staff#Staff";"1";"1";"1";"kindness of staff";"N P N";"kindness#1 of#340 staff#122"
"a small gym#Facilities";"1";"1";"1";"a small gym";"D G N";"a#534 small#53 gym#8"
"business oriented services#Facilities";"1";"1";"1";"business orient service";"N V N";"business#21 oriented#2 services#11"
"the air condition#Facilities";"1";"1";"1";"the air condition";"D N N";"the#1330 air#8 condition#7"
"a little table#Facilities";"1";"1";"1";"a little table";"D G N";"a#534 little#32 table#5"
"the most disadvantage#unknown";"1";"1";"1";"the much disadvantage";"D A N";"the#1330 most#25 disadvantage#1"
"any bus ride#Transportation";"1";"1";"1";"any bus ride";"D N N";"any#29 bus#17 ride#3"
"a vending machine#Facilities";"1";"1";"1";"a vending machine";"D N N";"a#534 vending#1 machine#5"
"the overall location#Location";"1";"1";"1";"the overall location";"D G N";"the#1330 overall#10 location#85"
"the attic room#Rooms";"1";"1";"1";"the attic room";"D G N";"the#1330 attic#1 room#185"
"the tram stop#Transportation";"1";"1";"1";"the tram stop";"D N N";"the#1330 tram#4 stop#6"
"spot on sheet#Beds";"1";"1";"1";"spot on sheet";"N P N";"spot#7 on#111 sheet#2"
"the noise level#Noisiness";"1";"1";"1";"the noise level";"D N N";"the#1330 noise#18 level#4"
"wireless internet connections#Internet";"1";"1";"1";"wireless internet connection";"G N N";"wireless#3 internet#15 connections#4"
"plenty of variety#Restaurant";"1";"1";"1";"plenty of variety";"N P N";"plenty#5 of#340 variety#7"
"the bath room#Bathroom";"1";"1";"1";"the bath room";"D N N";"the#1330 bath#7 room#185"
"some of them#unknown";"1";"1";"1";"some of them";"D P Q";"some#42 of#340 them#12"
"razor with gel#Bathroom";"1";"1";"1";"razor with gel";"N P N";"razor#1 with#183 gel#1"
"the sunrise restaurant#Restaurant";"1";"1";"1";"the Sunrise restaurant";"D R N";"the#1330 sunrise#2 restaurant#47"
"front desk attendance#Staff";"1";"1";"1";"front desk attendance";"G N N";"front#13 desk#11 attendance#1"
"a new roll#Bathroom";"1";"1";"1";"a new roll";"D G N";"a#534 new#9 roll#1"
"other nn hotels#Location";"1";"1";"1";"other NN hotel";"G R N";"other#42 nn#1 hotels#17"
"english schhh tonic#Restaurant";"1";"1";"1";"english Schhh tonic";"G R N";"english#21 schhh#1 tonic#1"
"to change hotels#unknown";"1";"1";"1";"to change hotel";"P V N";"to#506 change#4 hotels#17"
"a strange smell#Cleanliness";"1";"1";"1";"a strange smell";"D G N";"a#534 strange#1 smell#6"
"table to work#Facilities";"1";"1";"1";"table to work";"N P N";"table#5 to#506 work#12"
"the empire palace#Location";"1";"1";"1";"the Empire Palace";"D R R";"the#1330 empire#1 palace#8"
"the technology provided#Internet";"1";"1";"1";"the technology provide";"D N V";"the#1330 technology#1 provided#13"
"dressing · room#Facilities";"1";"1";"1";"dressing · room";"N N N";"dressing#1 ·#147 room#185"
"the bath tub#Bathroom";"1";"1";"1";"the bath tub";"D N N";"the#1330 bath#7 tub#2"
"bus from hotel#Transportation";"1";"1";"1";"bus from hotel";"N P N";"bus#17 from#101 hotel#430"
"chairs / tables#Restaurant";"1";"1";"1";"chair / table";"N V N";"chairs#1 /#25 tables#4"
"standards for guests#unknown";"1";"1";"1";"standard for guest";"N P N";"standards#5 for#282 guests#18"
"air · conditioner#Facilities";"1";"1";"1";"air · conditioner";"N N N";"air#8 ·#147 conditioner#1"
"busdriver peter langhout#unknown";"1";"1";"1";"Busdriver Peter Langhout";"R R R";"busdriver#1 peter#2 langhout#2"
"the hotel gilde#Location";"1";"1";"1";"the Hotel Gilde";"D R R";"the#1330 hotel#430 gilde#2"
"24 hr bar#Facilities";"1";"1";"1";"24 hr bar";"O N N";"24#3 hr#1 bar#32"
"the upper management#Staff";"1";"1";"1";"the upper management";"D G N";"the#1330 upper#4 management#8"
"our mini bar#Facilities";"1";"1";"1";"our mini bar";"Q N N";"our#69 mini#4 bar#32"
"frequent guest status#unknown";"1";"1";"1";"frequent guest status";"G N N";"frequent#2 guest#11 status#1"
"all the sercices#Staff";"1";"1";"1";"all the sercices";"D D N";"all#116 the#1330 sercices#1"
"plenty of tables#Interior/exterior";"1";"1";"1";"plenty of table";"N P N";"plenty#5 of#340 tables#4"
"the tent pegs#unknown";"1";"1";"1";"the tent peg";"D N N";"the#1330 tent#1 pegs#1"
"district of paris#Location";"1";"1";"1";"district of Paris";"N P R";"district#2 of#340 paris#27"
"2 star hotel#unknown";"1";"1";"1";"2 star hotel";"O N N";"2#22 star#20 hotel#430"
"the coffee machine#Facilities";"1";"1";"1";"the coffee machine";"D N N";"the#1330 coffee#13 machine#5"
"the hotel pool#Swimming pool";"1";"1";"1";"the hotel pool";"D N N";"the#1330 hotel#430 pool#25"
"tea / coffee#Breakfast";"1";"1";"1";"tea / coffee";"N N N";"tea#7 /#25 coffee#13"
"full continental breakfast#Breakfast";"1";"1";"1";"full continental breakfast";"G G N";"full#11 continental#2 breakfast#75"
"the breakfast services#Breakfast";"1";"1";"1";"the breakfast service";"D N N";"the#1330 breakfast#75 services#11"
"some strict rules#unknown";"1";"1";"1";"some strict rule";"D G N";"some#42 strict#2 rules#2"
"lot of trash#unknown";"1";"1";"1";"lot of trash";"N P N";"lot#23 of#340 trash#1"
"the booking conditions#Reservation/check-in/check-out";"1";"1";"1";"the booking condition";"D N N";"the#1330 booking#6 conditions#5"
"the outdoor staff#Staff";"1";"1";"1";"the outdoor staff";"D G N";"the#1330 outdoor#2 staff#122"
"the lobby staff#Staff";"1";"1";"1";"the lobby staff";"D N N";"the#1330 lobby#12 staff#122"
"some aircraft noise#Noisiness";"1";"1";"1";"some aircraft noise";"D N A";"some#42 aircraft#1 noise#18"
"everything you need#unknown";"1";"1";"1";"Everything you need";"R Q V";"everything#23 you#149 need#18"
"lack of space#unknown";"1";"1";"1";"lack of space";"N P N";"lack#4 of#340 space#10"
"city of york#Location";"1";"1";"1";"city of York";"N P R";"city#45 of#340 york#2"
"the luxemburg gardens#Location";"1";"1";"1";"the Luxemburg garden";"D R N";"the#1330 luxemburg#1 gardens#5"
"the basic needs#Facilities";"1";"1";"1";"the basic need";"D G N";"the#1330 basic#14 needs#10"
"the sous chef#Staff";"1";"1";"1";"the sous chef";"D G N";"the#1330 sous#1 chef#4"
"better options around#unknown";"1";"1";"1";"better option around";"A N A";"better#27 options#6 around#26"
"the restaurant area#Restaurant";"1";"1";"1";"the restaurant area";"D N N";"the#1330 restaurant#47 area#40"
"reply much quicker#unknown";"1";"1";"1";"reply much quicker";"V G N";"reply#3 much#23 quicker#1"
"the studio rooms#Rooms";"1";"1";"1";"the studio room";"D N N";"the#1330 studio#2 rooms#80"
"the staffs attitudes#Staff";"1";"1";"1";"the staff attitude";"D N N";"the#1330 staffs#2 attitudes#1"
"1 room type#Rooms";"1";"1";"1";"1 room type";"O N N";"1#9 room#185 type#3"
"aqua park area#Facilities";"1";"1";"1";"aqua park area";"N N N";"aqua#5 park#10 area#40"
"a decent room#unknown";"1";"1";"1";"a decent room";"D G N";"a#534 decent#6 room#185"
"the welcome cocktail#Facilities";"1";"1";"1";"the welcome cocktail";"D G N";"the#1330 welcome#7 cocktail#1"
"la carte restaurants.we#Restaurant";"1";"1";"1";"la carte restaurants.we";"O O O";"la#6 carte#7 restaurants.we#1"
"entrance to rooms#Rooms";"1";"1";"1";"Entrance to room";"R P N";"entrance#5 to#506 rooms#80"
"nearly all rooms#Rooms";"1";"1";"1";"nearly all room";"A D N";"nearly#1 all#116 rooms#80"
"the hotel building#Interior/exterior";"1";"1";"1";"the hotel building";"D N N";"the#1330 hotel#430 building#7"
"the whole think#unknown";"1";"1";"1";"the whole think";"D G N";"the#1330 whole#12 think#8"
"quality for price#Value-for-money";"1";"1";"1";"quality for price";"N P N";"quality#17 for#282 price#34"
"a rubber duck#Bathroom";"1";"1";"1";"a rubber duck";"D N N";"a#534 rubber#1 duck#1"
"the whole room#Rooms";"1";"1";"1";"the whole room";"D G N";"the#1330 whole#12 room#185"
"the attending staff#Staff";"1";"1";"1";"the attend staff";"D V N";"the#1330 attending#1 staff#122"
"ala carte italian#Restaurant";"1";"1";"1";"ala carte italian";"G N N";"ala#5 carte#7 italian#4"
"rooftop swimming pool#Swimming pool";"1";"1";"1";"rooftop swim pool";"N V N";"rooftop#1 swimming#7 pool#25"
"with the cleanliness#Cleanliness";"1";"1";"1";"with the cleanliness";"P D N";"with#183 the#1330 cleanliness#3"
"table top board#Facilities";"1";"1";"1";"table top board";"N N N";"table#5 top#13 board#2"
"many different activities#Facilities";"1";"1";"1";"many different activity";"G G N";"many#17 different#11 activities#2"
"choice of drinks#Facilities";"1";"1";"1";"choice of drink";"N P N";"choice#21 of#340 drinks#13"
"money for value#Value-for-money";"1";"1";"1";"money for value";"N P N";"money#24 for#282 value#14"
"lots of choice#Restaurant";"1";"1";"1";"lot of choice";"N P N";"lots#8 of#340 choice#21"
"a metro station#Location";"1";"1";"1";"a metro station";"D N N";"a#534 metro#11 station#22"
"the titanic palace#Location";"1";"1";"1";"the Titanic Palace";"D R R";"the#1330 titanic#10 palace#8"
"the meeting room#Facilities";"1";"1";"1";"the meeting room";"D N N";"the#1330 meeting#2 room#185"
"the 4 stars#unknown";"1";"1";"1";"the 4 star";"D O N";"the#1330 4#22 stars#8"
"the double room#Rooms";"1";"1";"1";"the double room";"D G N";"the#1330 double#3 room#185"
"whole public areas#unknown";"1";"1";"1";"whole public area";"G G N";"whole#12 public#9 areas#11"
"wifi for free#Internet";"1";"1";"1";"WIFI for free";"R P G";"wifi#8 for#282 free#30"
"the swimming pool#Swimming pool";"1";"1";"1";"the swim pool";"D V N";"the#1330 swimming#7 pool#25"
"the restaurant managers#Staff";"1";"1";"1";"the restaurant manager";"D N N";"the#1330 restaurant#47 managers#1"
"the only area#unknown";"1";"1";"1";"the only area";"D G N";"the#1330 only#44 area#40"
"an ash tray#Facilities";"1";"1";"1";"a ash tray";"D G N";"an#47 ash#1 tray#1"
"the money paid#Value-for-money";"1";"1";"1";"the money pay";"D N V";"the#1330 money#24 paid#11"
"the amination staff#Staff";"1";"1";"1";"the amination staff";"D N N";"the#1330 amination#1 staff#122"
"the good sides#unknown";"1";"1";"1";"the good side";"D G N";"the#1330 good#153 sides#1"
"value for money#Value-for-money";"0";"7";"8";"value for money";"N P N";"value#14 for#282 money#24"
"choice of food#Restaurant";"0";"3";"4";"choice of food";"N P N";"choice#21 of#340 food#73"
"check · in#Reservation/check-in/check-out";"0";"3";"5";"Check · in";"R N P";"check#17 ·#147 in#432"
"the whole hotel#unknown";"0";"2";"3";"the whole hotel";"D G N";"the#1330 whole#12 hotel#430"
"wi · fi#Internet";"0";"2";"4";"wi · fi";"N N A";"wi#4 ·#147 fi#4"
"coffee / tea#Breakfast";"0";"1";"2";"coffee / tea";"N N N";"coffee#13 /#25 tea#7"
"the friendly staff#Staff";"0";"1";"2";"the friendly staff";"D G N";"the#1330 friendly#55 staff#122"
"the pool area#Swimming pool";"0";"1";"2";"the pool area";"D N N";"the#1330 pool#25 area#40"
"quality of food#Breakfast";"0";"1";"2";"quality of food";"N P N";"quality#17 of#340 food#73"
"attention to detail#Staff";"0";"1";"3";"attention to detail";"N P N";"attention#5 to#506 detail#4"
"b & b#unknown";"0";"1";"3";"B & B";"R C R";"b#8 &#20 b#8"
"the all inclusive#Facilities";"0";"1";"4";"the all inclusive";"D D G";"the#1330 all#116 inclusive#13"
"the city center#Location";"0";"1";"8";"the city center";"D N N";"the#1330 city#45 center#28"
"the area around#Interior/exterior";"0";"1";"2";"the area around";"D N P";"the#1330 area#40 around#26"
"in the bathroom#Bathroom";"0";"1";"3";"in the bathroom";"P D N";"in#432 the#1330 bathroom#33"
"the shuttle bus#Transportation";"0";"1";"2";"the shuttle bus";"D N N";"the#1330 shuttle#6 bus#17"
"coffee / tea#Facilities";"0";"1";"2";"coffee / tea";"N N N";"coffee#13 /#25 tea#7"
"lack of management#Staff";"0";"1";"2";"lack of management";"N P N";"lack#4 of#340 management#8"
"to get there#unknown";"0";"1";"2";"to get there";"P V A";"to#506 get#39 there#147"
"the room size#Rooms";"0";"1";"2";"the room size";"D N N";"the#1330 room#185 size#11"
"the area around#Location";"0";"1";"2";"the area around";"D N P";"the#1330 area#40 around#26"
"alot of people#unknown";"0";"1";"2";"ALOT of person";"R P N";"alot#2 of#340 people#26"
"the air conditioning#Facilities";"0";"1";"2";"the air conditioning";"D N N";"the#1330 air#8 conditioning#4"
"the executive chef#Staff";"0";"1";"2";"the executive chef";"D N N";"the#1330 executive#6 chef#4"
"access for my scootmobile#Facilities";"1";"2";"2";"access for my scootmobile";"N P Q N";"access#9 for#282 my#77 scootmobile#4"
"parking of the scootmobile#Car parking";"1";"2";"2";"parking of the scootmobile";"N P D N";"parking#10 of#340 the#1330 scootmobile#4"
"the view of lyon#Location";"1";"1";"1";"the view of Lyon";"D N P R";"the#1330 view#24 of#340 lyon#5"
"the money we paid#Value-for-money";"1";"1";"1";"the money we pay";"D N Q V";"the#1330 money#24 we#214 paid#11"
"window of the room#Rooms";"1";"1";"1";"window of the room";"N P D N";"window#5 of#340 the#1330 room#185"
"to use public transportation#Transportation";"1";"1";"1";"to use public transportation";"P V G N";"to#506 use#10 public#9 transportation#3"
"the all inclusive spirits#Restaurant";"1";"1";"1";"the all inclusive spirit";"D D G N";"the#1330 all#116 inclusive#13 spirits#1"
"the gold 's spa#Facilities";"1";"1";"1";"the Gold 's Spa";"D R O R";"the#1330 gold#3 's#48 spa#13"
"no · smoking areas#Interior/exterior";"1";"1";"1";"no · smoking area";"D G N N";"no#78 ·#147 smoking#4 areas#11"
"the size of room#Rooms";"1";"1";"1";"the size of room";"D N P N";"the#1330 size#11 of#340 room#185"
"condition of the room#Rooms";"1";"1";"1";"condition of the room";"N P D N";"condition#7 of#340 the#1330 room#185"
"check · out procedures#Reservation/check-in/check-out";"1";"1";"1";"check · out procedure";"V N P N";"check#17 ·#147 out#35 procedures#2"
"tiling round toilet area#Bathroom";"1";"1";"1";"tiling round toilet area";"N N N N";"tiling#2 round#2 toilet#9 area#40"
"much diversity on breakfast#Breakfast";"1";"1";"1";"much diversity on breakfast";"G N P N";"much#23 diversity#2 on#111 breakfast#75"
"the wifi internet connection#Internet";"1";"1";"1";"the wifi internet connection";"D G N N";"the#1330 wifi#8 internet#15 connection#5"
"distance to the sea#Location";"1";"1";"1";"distance to the sea";"N P D N";"distance#23 to#506 the#1330 sea#5"
"the amount of people#unknown";"1";"1";"1";"the amount of person";"D N P N";"the#1330 amount#4 of#340 people#26"
"a waiter on hand#Staff";"1";"1";"1";"a waiter on hand";"D N P N";"a#534 waiter#2 on#111 hand#4"
"refrigerator in the room#Facilities";"1";"1";"1";"refrigerator in the room";"N P D N";"refrigerator#1 in#432 the#1330 room#185"
"view of our room#Rooms";"1";"1";"1";"view of our room";"N P Q N";"view#24 of#340 our#69 room#185"
"crockery / cutlery etc#Restaurant";"1";"1";"1";"crockery / cutlery etc";"G N N N";"crockery#1 /#25 cutlery#1 etc#4"
"all of the staff#Staff";"1";"1";"1";"all of the staff";"D P D N";"all#116 of#340 the#1330 staff#122"
"the only one visitor#unknown";"1";"1";"1";"the only one visitor";"D G O N";"the#1330 only#44 one#67 visitor#1"
"the whole holiday package#unknown";"1";"1";"1";"the whole holiday package";"D G N N";"the#1330 whole#12 holiday#28 package#3"
"shelf for personal amenities#Bathroom";"1";"1";"1";"shelf for personal amenity";"N P G N";"shelf#1 for#282 personal#5 amenities#7"
"the roof top bar#Facilities";"1";"1";"1";"the roof top bar";"D G N N";"the#1330 roof#3 top#13 bar#32"
"transport to the airport#Transportation";"1";"1";"1";"Transport to the airport";"R P D N";"transport#6 to#506 the#1330 airport#21"
"reason to eat in#unknown";"1";"1";"1";"reason to eat in";"N P V A";"reason#4 to#506 eat#11 in#432"
"selection of different foods#Restaurant";"1";"1";"1";"selection of different food";"N P G N";"selection#4 of#340 different#11 foods#2"
"most of the staff#Staff";"1";"1";"1";"much of the staff";"A P D N";"most#25 of#340 the#1330 staff#122"
"a set of stairs#Interior/exterior";"1";"1";"1";"a set of stair";"D N P N";"a#534 set#4 of#340 stairs#3"
"a lot of mosquitos#unknown";"1";"1";"1";"a lot of mosquito";"D N P N";"a#534 lot#23 of#340 mosquitos#1"
"the suprise for honeymooners#Facilities";"1";"1";"1";"the suprise for honeymooner";"D N P N";"the#1330 suprise#1 for#282 honeymooners#1"
"location to explore lyon#Location";"1";"1";"1";"location to explore Lyon";"N P V R";"location#85 to#506 explore#4 lyon#5"
"view on the city#Rooms";"1";"1";"1";"view on the city";"V P D N";"view#24 on#111 the#1330 city#45"
"many varieties of bread#Breakfast";"1";"1";"1";"many variety of bread";"G N P N";"many#17 varieties#1 of#340 bread#4"
"the hallmark hotel restaurant#Location";"1";"1";"1";"the Hallmark hotel restaurant";"D R N N";"the#1330 hallmark#2 hotel#430 restaurant#47"
"it 's own waterpark#Facilities";"1";"1";"1";"it have own waterpark";"Q V G N";"it#203 's#48 own#2 waterpark#1"
"the house · keeping#Cleanliness";"1";"1";"1";"the house · keep";"D N A V";"the#1330 house#4 ·#147 keeping#1"
"two main buffet restaurants#Restaurant";"1";"1";"1";"two main buffet restaurant";"O G N N";"two#21 main#16 buffet#8 restaurants#30"
"the sheraton hotel jumeriah#Location";"1";"1";"1";"the Sheraton Hotel Jumeriah";"D R R R";"the#1330 sheraton#2 hotel#430 jumeriah#1"
"some of the lamps#Interior/exterior";"1";"1";"1";"some of the lamp";"D P D N";"some#42 of#340 the#1330 lamps#1"
"start up for excursions#unknown";"1";"1";"1";"start up for excursion";"N P P N";"start#3 up#15 for#282 excursions#1"
"stay at ibis bilbao#Location";"1";"1";"1";"stay at Ibis Bilbao";"N P R R";"stay#70 at#137 ibis#6 bilbao#4"
"two swimming · pools#Swimming pool";"1";"1";"1";"two swim · pool";"O V N N";"two#21 swimming#7 ·#147 pools#6"
"other member of staff#Staff";"1";"1";"1";"other member of staff";"G N P N";"other#42 member#3 of#340 staff#122"
"service at the bar#Staff";"1";"1";"1";"service at the bar";"N P D N";"service#48 at#137 the#1330 bar#32"
"phone in the room#Facilities";"1";"1";"1";"phone in the room";"N P D N";"phone#2 in#432 the#1330 room#185"
"towels in the room#Rooms";"1";"1";"1";"towel in the room";"N P D N";"towels#10 in#432 the#1330 room#185"
"with regard to food#Restaurant";"1";"1";"1";"with regard to food";"P N P N";"with#183 regard#1 to#506 food#73"
"hotel and villa dievole#Location";"1";"1";"1";"Hotel and Villa Dievole";"R C R R";"hotel#430 and#745 villa#4 dievole#1"
"the quality of food#Restaurant";"1";"1";"1";"the quality of food";"D N P N";"the#1330 quality#17 of#340 food#73"
"certain amount of dust#Cleanliness";"1";"1";"1";"certain amount of dust";"G N P N";"certain#2 amount#4 of#340 dust#4"
"food at the bar#Facilities";"1";"1";"1";"food at the bar";"N P D N";"food#73 at#137 the#1330 bar#32"
"hotel milano san siro#Location";"1";"1";"1";"Hotel Milano San Siro";"R R R R";"hotel#430 milano#2 san#1 siro#1"
"handing out the keys#Reservation/check-in/check-out";"1";"1";"1";"hand out the key";"V P D N";"handing#1 out#35 the#1330 keys#3"
"the loud disco music#Noisiness";"1";"1";"1";"the loud disco music";"D G N N";"the#1330 loud#12 disco#1 music#8"
"view from the window#Rooms";"1";"1";"1";"view from the window";"N P D N";"view#24 from#101 the#1330 window#5"
"water in the fridge#Facilities";"1";"1";"1";"water in the fridge";"N P D N";"water#10 in#432 the#1330 fridge#4"
"the b & b#unknown";"0";"1";"2";"the B & B";"D R C R";"the#1330 b#8 &#20 b#8"
"a la carte restaurants#Restaurant";"0";"1";"2";"a la carte restaurant";"D N N N";"a#534 la#6 carte#7 restaurants#30"
"size of the room#Rooms";"0";"1";"2";"size of the room";"N P D N";"size#11 of#340 the#1330 room#185"
"stay at this hotel#unknown";"0";"1";"2";"stay at this hotel";"N P D N";"stay#70 at#137 this#158 hotel#430"
"the check · out#Reservation/check-in/check-out";"0";"1";"2";"the check · out";"D N V A";"the#1330 check#17 ·#147 out#35"
"a five star hotel#unknown";"0";"1";"3";"a five star hotel";"D O G N";"a#534 five#8 star#20 hotel#430"
"low · fat options#Breakfast";"0";"1";"2";"low · fat option";"G G N N";"low#8 ·#147 fat#2 options#6"
"a lot of bars#Facilities";"0";"1";"2";"a lot of bar";"D N P N";"a#534 lot#23 of#340 bars#12"
"view to the old city#Location";"1";"2";"2";"view to the old city";"N P D G N";"view#24 to#506 the#1330 old#36 city#45"
"a problem with bathroom equipment#Bathroom";"1";"1";"1";"a problem with bathroom equipment";"D N P N N";"a#534 problem#6 with#183 bathroom#33 equipment#3"
"many parts of the hotel#Interior/exterior";"1";"1";"1";"many part of the hotel";"G N P D N";"many#17 parts#3 of#340 the#1330 hotel#430"
"shuttle taxi to different places#Transportation";"1";"1";"1";"shuttle taxi to different place";"N N P G N";"shuttle#6 taxi#3 to#506 different#11 places#5"
"smell around the sitting area#Interior/exterior";"1";"1";"1";"smell around the sitting area";"N P D N N";"smell#6 around#26 the#1330 sitting#1 area#40"
"overall impression of the hotel#unknown";"1";"1";"1";"overall impression of the hotel";"G N P D N";"overall#10 impression#9 of#340 the#1330 hotel#430"
"staff in the animation team#Staff";"1";"1";"1";"staff in the animation team";"N P D N N";"staff#122 in#432 the#1330 animation#8 team#11"
"all conditions for your pleasure#Facilities";"1";"1";"1";"all condition for your pleasure";"D N P Q N";"all#116 conditions#5 for#282 your#19 pleasure#1"
"the local fish market evening#unknown";"1";"1";"1";"the local fish market evening";"D G N N N";"the#1330 local#3 fish#7 market#5 evening#6"
"a hotel with such staff#Staff";"1";"1";"1";"a hotel with such staff";"D N P G N";"a#534 hotel#430 with#183 such#11 staff#122"
"the guy at the reception#Staff";"1";"1";"1";"the guy at the reception";"D N P D N";"the#1330 guy#2 at#137 the#1330 reception#20"
"the nightlife ( rembrantplein )#Location";"1";"1";"1";"the nightlife ( rembrantplein )";"D N O V O";"the#1330 nightlife#1 (#103 rembrantplein#1 )#109"
"bread , soup and desserts#Restaurant";"1";"1";"1";"bread , soup and dessert";"N O N C N";"bread#4 ,#850 soup#1 and#745 desserts#1"
"tea or coffee making facilities#Facilities";"1";"1";"1";"tea or coffee making facility";"N C N N N";"tea#7 or#38 coffee#13 making#7 facilities#11"
"transfer from hotel to airport#Transportation";"1";"1";"1";"Transfer from hotel to airport";"R P N P N";"transfer#4 from#101 hotel#430 to#506 airport#21"
"many english channel on tv#Facilities";"1";"1";"1";"many English channel on TV";"G R N P N";"many#17 english#21 channel#1 on#111 tv#18"
"washbasin was in the room#Bathroom";"1";"1";"1";"washbasin be in the room";"N V P D N";"washbasin#2 was#366 in#432 the#1330 room#185"
"the drain of our shower#Bathroom";"1";"1";"1";"the drain of our shower";"D N P Q N";"the#1330 drain#1 of#340 our#69 shower#15"
"the view of the canal#Rooms";"1";"1";"1";"the view of the canal";"D N P D N";"the#1330 view#24 of#340 the#1330 canal#1"
"up to date flat screen#Facilities";"1";"1";"1";"up to date flat screen";"A P N G N";"up#15 to#506 date#2 flat#5 screen#2"
"the oberoi udaivilas luxury hotel#Location";"1";"1";"1";"the Oberoi Udaivilas Luxury Hotel";"D R R R R";"the#1330 oberoi#1 udaivilas#1 luxury#9 hotel#430"
"some items of hot breakfast#Breakfast";"1";"1";"1";"some item of hot breakfast";"D N P G N";"some#42 items#4 of#340 hot#11 breakfast#75"
"hotel premiere classe orly rungis#Location";"1";"1";"1";"Hotel Premiere Classe Orly Rungis";"R R R R R";"hotel#430 premiere#1 classe#1 orly#3 rungis#2"
"* * * star hotel#unknown";"1";"1";"1";"* * * star hotel";"N N O G N";"*#7 *#7 *#7 star#20 hotel#430"
"the food and beverage manager#Staff";"1";"1";"1";"the food and beverage manager";"D N C N N";"the#1330 food#73 and#745 beverage#1 manager#10"
"deira city center shoping mall#Location";"1";"1";"1";"Deira City Center shoping mall";"R R R N N";"deira#1 city#45 center#28 shoping#1 mall#3"
"the little gift when leaving#Facilities";"1";"1";"1";"the little gift when leave";"D G N O V";"the#1330 little#32 gift#1 when#37 leaving#1"
"restaurant for lunch or dinner#Restaurant";"1";"1";"1";"restaurant for lunch or dinner";"N P N C N";"restaurant#47 for#282 lunch#2 or#38 dinner#10"
"traveling to the city centre#Location";"1";"1";"1";"travel to the city centre";"V P D N N";"traveling#3 to#506 the#1330 city#45 centre#13"
"my 3 · night stay#unknown";"1";"1";"1";"my 3 · night stay";"Q O N G N";"my#77 3#14 ·#147 night#44 stay#70"
"every part of the hotel#unknown";"1";"1";"1";"every part of the hotel";"D N P D N";"every#17 part#9 of#340 the#1330 hotel#430"
"small pool on the roof#Swimming pool";"1";"1";"1";"small pool on the roof";"G N P D N";"small#53 pool#25 on#111 the#1330 roof#3"
"this part of the city#Location";"1";"1";"1";"this part of the city";"D N P D N";"this#158 part#9 of#340 the#1330 city#45"
"the old parts of town#Location";"1";"1";"1";"the old part of town";"D G N P N";"the#1330 old#36 parts#3 of#340 town#6"
"the state of the flat#unknown";"1";"1";"1";"the state of the flat";"D N P D G";"the#1330 state#5 of#340 the#1330 flat#5"
"the view of the city#Interior/exterior";"1";"1";"1";"the view of the city";"D N P D N";"the#1330 view#24 of#340 the#1330 city#45"
"the restaurant "" volvereta ""#Restaurant";"1";"1";"1";"the restaurant "" Volvereta """;"D N N R N";"the#1330 restaurant#47 ""#36 volvereta#1 ""#36"
"some parts of the hotel#unknown";"1";"1";"1";"some part of the hotel";"D N P D N";"some#42 parts#3 of#340 the#1330 hotel#430"
"questions by my group members#unknown";"1";"1";"1";"question by my group member";"N P Q N N";"questions#2 by#39 my#77 group#5 members#3"
"the rooms with a small kitchen#Facilities";"1";"1";"1";"the room with a small kitchen";"D N P D G N";"the#1330 rooms#80 with#183 a#534 small#53 kitchen#3"
"several deskstop computers for guest use#Facilities";"1";"1";"1";"several deskstop computer for guest use";"G P N P G N";"several#7 deskstop#1 computers#1 for#282 guest#11 use#10"
"wi · fi in the room#Internet";"1";"1";"1";"Wi · Fi in the room";"R O R P D N";"wi#4 ·#147 fi#4 in#432 the#1330 room#185"
"the money we had to pay#Value-for-money";"1";"1";"1";"the money we have to pay";"D N Q V P V";"the#1330 money#24 we#214 had#98 to#506 pay#12"
"mostly all of the sight seeng#Location";"1";"1";"1";"mostly all of the sight seeng";"A D P D N N";"mostly#8 all#116 of#340 the#1330 sight#3 seeng#1"
"a la carte restaurant steak house#Restaurant";"1";"1";"1";"a la carte restaurant steak House";"D D N N V R";"a#534 la#6 carte#7 restaurant#47 steak#1 house#4"
"fridge in 1 of the rooms#Facilities";"1";"1";"1";"fridge in 1 of the room";"N P O P D N";"fridge#4 in#432 1#9 of#340 the#1330 rooms#80"
"the money we spent for it#Value-for-money";"1";"1";"1";"the money we spend for it";"D N Q V P Q";"the#1330 money#24 we#214 spent#6 for#282 it#203"
"quality of tha staff 's services#Staff";"1";"1";"1";"quality of tha staff 's service";"N P D N O N";"quality#17 of#340 tha#1 staff#122 's#48 services#11"
"the sports ( pool ) area#Facilities";"1";"1";"1";"the sport ( pool ) area";"D N O N O N";"the#1330 sports#2 (#103 pool#25 )#109 area#40"
"the best holiday in my life.#unknown";"1";"1";"1";"the good holiday in my life.";"D G N P Q N";"the#1330 best#32 holiday#28 in#432 my#77 life.#1"
"the shopping center in the hotel#Facilities";"1";"1";"1";"the shopping center in the hotel";"D N N P D N";"the#1330 shopping#17 center#28 in#432 the#1330 hotel#430"
"the ration between costs and quality#Value-for-money";"1";"1";"1";"the ration between cost and quality";"D N P N C N";"the#1330 ration#1 between#8 costs#3 and#745 quality#17"
"the rooms on the street side#Rooms";"1";"1";"1";"the room on the street side";"D N P D N N";"the#1330 rooms#80 on#111 the#1330 street#13 side#11"
"the rest of the animation team#Staff";"1";"1";"1";"the rest of the animation team";"D N P D N N";"the#1330 rest#7 of#340 the#1330 animation#8 team#11"
"the team of the main restaurant#Staff";"1";"1";"1";"the team of the main restaurant";"D N P D G N";"the#1330 team#11 of#340 the#1330 main#16 restaurant#47"
"a little later cut off on sunday#Facilities";"1";"2";"2";"a little later cut off on Sunday";"D A A V A P R";"a#534 little#32 later#4 cut#2 off#10 on#111 sunday#2"
"transfer from the airport to the hotel#Transportation";"1";"1";"1";"Transfer from the airport to the hotel";"R P D N P D N";"transfer#4 from#101 the#1330 airport#21 to#506 the#1330 hotel#430"
"the way they solved the food situation#Restaurant";"1";"1";"1";"the way they solve the food situation";"D N Q V D N N";"the#1330 way#6 they#51 solved#2 the#1330 food#73 situation#3"
"some of the items in the room#Rooms";"1";"1";"1";"some of the item in the room";"D P D N P D N";"some#42 of#340 the#1330 items#4 in#432 the#1330 room#185"
"parking for all hotel and inn customers#Car parking";"1";"1";"1";"parking for all hotel and inn customer";"N P D N C G N";"parking#10 for#282 all#116 hotel#430 and#745 inn#3 customers#3"
"shuttle bus to / from the airport#Transportation";"1";"1";"1";"shuttle bus to / from the airport";"N N P V P D N";"shuttle#6 bus#17 to#506 /#25 from#101 the#1330 airport#21"
"rooms with a view on other site#Rooms";"1";"1";"1";"room with a view on other site";"N P D N P G N";"rooms#80 with#183 a#534 view#24 on#111 other#42 site#4"
"view of the mountains from my balcony#Rooms";"1";"1";"1";"view of the mountain from my balcony";"N P D N P Q N";"view#24 of#340 the#1330 mountains#1 from#101 my#77 balcony#6"
"other "" ingredients "" of a spa treatment#Facilities";"1";"1";"1";"other "" ingredient "" of a spa treatment";"G N N N P D N N";"other#42 ""#36 ingredients#1 ""#36 of#340 a#534 spa#13 treatment#3"
"to get to the hotel with a car#unknown";"1";"1";"1";"to get to the hotel with a car";"P V P D N P D N";"to#506 get#39 to#506 the#1330 hotel#430 with#183 a#534 car#7"
"welcome by the reseption and the general mangers#Staff";"1";"1";"1";"welcome by the reseption and the general manger";"G P D N C D G N";"welcome#7 by#39 the#1330 reseption#1 and#745 the#1330 general#13 mangers#1"
"20 eur “ late check · in fee#Reservation/check-in/check-out";"1";"1";"1";"20 EUR “ late check · in fee";"O R N G N N P N";"20#11 eur#4 “#1 late#6 check#17 ·#147 in#432 fee#1"
"taxi ride to the town center & amp#Transportation";"1";"1";"1";"taxi ride to the town center & amp";"N N P D N N C N";"taxi#3 ride#3 to#506 the#1330 town#6 center#28 &#20 amp#2"
"easy access to hop & hop bus tour#Transportation";"1";"1";"1";"easy access to hop & hop bus tour";"G N P V C V N N";"easy#10 access#9 to#506 hop#4 &#20 hop#4 bus#17 tour#4"
"coach to the airport and corte d 'ingles#Transportation";"1";"1";"1";"coach to the airport and Corte d 'ingles";"N P D N C R O N";"coach#2 to#506 the#1330 airport#21 and#745 corte#1 d#2 'ingles#1"
"a bus stop that goes to the rer station#Location";"1";"1";"1";"a bus stop that go to the RER station";"D N N O V P D R N";"a#534 bus#17 stop#6 that#102 goes#2 to#506 the#1330 rer#5 station#22"
"set of house rules that seemed made for partying teenagers#unknown";"1";"1";"1";"set of house rule that seem make for party teenager";"N P N N P V V P V N";"set#4 of#340 house#4 rules#2 that#102 seemed#6 made#20 for#282 partying#1 teenagers#2"
"all kinds of food from different regions of the world#Restaurant";"1";"1";"1";"all kind of food from different region of the world";"D N P N P G N P D N";"all#116 kinds#1 of#340 food#73 from#101 different#11 regions#1 of#340 the#1330 world#12"
"lots of narrow old streets with shopping of all kind#Location";"1";"1";"1";"lot of narrow old street with shopping of all kind";"N P G G N P N P D N";"lots#8 of#340 narrow#3 old#36 streets#2 with#183 shopping#17 of#340 all#116 kind#14"
"a nite were we could not find something to eat#Restaurant";"1";"1";"1";"a nite be we can not find something to eat";"D G V Q O A V N P V";"a#534 nite#1 were#140 we#214 could#29 not#203 find#13 something#10 to#506 eat#11"
